PRAGMA foreign_keys=OFF;
BEGIN TRANSACTION;
CREATE TABLE IF NOT EXISTS "django_migrations" ("id" integer NOT NULL PRIMARY KEY AUTOINCREMENT, "app" varchar(255) NOT NULL, "name" varchar(255) NOT NULL, "applied" datetime NOT NULL);
INSERT INTO django_migrations VALUES(1,'contenttypes','0001_initial','2020-12-28 22:18:53.396813');
INSERT INTO django_migrations VALUES(2,'auth','0001_initial','2020-12-28 22:18:53.552769');
INSERT INTO django_migrations VALUES(3,'admin','0001_initial','2020-12-28 22:18:53.697750');
INSERT INTO django_migrations VALUES(4,'admin','0002_logentry_remove_auto_add','2020-12-28 22:18:53.859551');
INSERT INTO django_migrations VALUES(5,'admin','0003_logentry_add_action_flag_choices','2020-12-28 22:18:54.014551');
INSERT INTO django_migrations VALUES(6,'contenttypes','0002_remove_content_type_name','2020-12-28 22:18:54.147662');
INSERT INTO django_migrations VALUES(7,'auth','0002_alter_permission_name_max_length','2020-12-28 22:18:54.260763');
INSERT INTO django_migrations VALUES(8,'auth','0003_alter_user_email_max_length','2020-12-28 22:18:54.387159');
INSERT INTO django_migrations VALUES(9,'auth','0004_alter_user_username_opts','2020-12-28 22:18:54.536459');
INSERT INTO django_migrations VALUES(10,'auth','0005_alter_user_last_login_null','2020-12-28 22:18:54.652267');
INSERT INTO django_migrations VALUES(11,'auth','0006_require_contenttypes_0002','2020-12-28 22:18:54.755352');
INSERT INTO django_migrations VALUES(12,'auth','0007_alter_validators_add_error_messages','2020-12-28 22:18:54.868763');
INSERT INTO django_migrations VALUES(13,'auth','0008_alter_user_username_max_length','2020-12-28 22:18:54.986079');
INSERT INTO django_migrations VALUES(14,'auth','0009_alter_user_last_name_max_length','2020-12-28 22:18:55.115466');
INSERT INTO django_migrations VALUES(15,'auth','0010_alter_group_name_max_length','2020-12-28 22:18:55.233713');
INSERT INTO django_migrations VALUES(16,'auth','0011_update_proxy_permissions','2020-12-28 22:18:55.349766');
INSERT INTO django_migrations VALUES(17,'confidencechronograms','0001_initial','2020-12-28 22:18:55.710346');
INSERT INTO django_migrations VALUES(18,'sessions','0001_initial','2020-12-28 22:18:55.873142');
INSERT INTO django_migrations VALUES(19,'confidencechronograms','0002_auto_20201231_1947','2020-12-31 19:47:42.535260');
CREATE TABLE IF NOT EXISTS "auth_group_permissions" ("id" integer NOT NULL PRIMARY KEY AUTOINCREMENT, "group_id" integer NOT NULL REFERENCES "auth_group" ("id") DEFERRABLE INITIALLY DEFERRED, "permission_id" integer NOT NULL REFERENCES "auth_permission" ("id") DEFERRABLE INITIALLY DEFERRED);
CREATE TABLE IF NOT EXISTS "auth_user_groups" ("id" integer NOT NULL PRIMARY KEY AUTOINCREMENT, "user_id" integer NOT NULL REFERENCES "auth_user" ("id") DEFERRABLE INITIALLY DEFERRED, "group_id" integer NOT NULL REFERENCES "auth_group" ("id") DEFERRABLE INITIALLY DEFERRED);
CREATE TABLE IF NOT EXISTS "auth_user_user_permissions" ("id" integer NOT NULL PRIMARY KEY AUTOINCREMENT, "user_id" integer NOT NULL REFERENCES "auth_user" ("id") DEFERRABLE INITIALLY DEFERRED, "permission_id" integer NOT NULL REFERENCES "auth_permission" ("id") DEFERRABLE INITIALLY DEFERRED);
CREATE TABLE IF NOT EXISTS "django_admin_log" ("id" integer NOT NULL PRIMARY KEY AUTOINCREMENT, "action_time" datetime NOT NULL, "object_id" text NULL, "object_repr" varchar(200) NOT NULL, "change_message" text NOT NULL, "content_type_id" integer NULL REFERENCES "django_content_type" ("id") DEFERRABLE INITIALLY DEFERRED, "user_id" integer NOT NULL REFERENCES "auth_user" ("id") DEFERRABLE INITIALLY DEFERRED, "action_flag" smallint unsigned NOT NULL CHECK ("action_flag" >= 0));
INSERT INTO django_admin_log VALUES(1,'2020-12-28 22:21:35.043637','2','cesar','[{"added": {}}]',4,1,1);
INSERT INTO django_admin_log VALUES(2,'2020-12-28 22:21:49.836721','1','Cesar','[{"added": {}}]',18,1,1);
INSERT INTO django_admin_log VALUES(3,'2020-12-28 22:23:03.356964','3','augusto','[{"added": {}}]',4,1,1);
INSERT INTO django_admin_log VALUES(4,'2020-12-28 22:23:06.247638','2','Augusto','[{"added": {}}]',18,1,1);
INSERT INTO django_admin_log VALUES(5,'2020-12-28 22:23:43.740964','4','maria','[{"added": {}}]',4,1,1);
INSERT INTO django_admin_log VALUES(6,'2020-12-28 22:23:49.105666','3','Maria','[{"added": {}}]',18,1,1);
INSERT INTO django_admin_log VALUES(7,'2020-12-28 22:24:48.093606','5','cliente','[{"added": {}}]',4,1,1);
INSERT INTO django_admin_log VALUES(8,'2020-12-28 22:25:00.399267','1','Cliente - cesar','[{"added": {}}]',8,1,1);
INSERT INTO django_admin_log VALUES(9,'2020-12-28 22:26:18.812363','6','cliente2','[{"added": {}}]',4,1,1);
INSERT INTO django_admin_log VALUES(10,'2020-12-28 22:26:20.660859','2','Cliente 2','[{"added": {}}]',8,1,1);
INSERT INTO django_admin_log VALUES(11,'2020-12-28 22:27:11.192612','7','cliente3','[{"added": {}}]',4,1,1);
INSERT INTO django_admin_log VALUES(12,'2020-12-28 22:27:13.822604','3','Cliente 3','[{"added": {}}]',8,1,1);
INSERT INTO django_admin_log VALUES(13,'2020-12-28 22:28:17.738617','1','Cliente:Cliente - cesar','[{"added": {}}]',9,1,1);
INSERT INTO django_admin_log VALUES(14,'2020-12-28 22:28:56.800862','2','Cliente:Cliente 2','[{"added": {}}]',9,1,1);
INSERT INTO django_admin_log VALUES(15,'2020-12-28 22:29:28.992323','3','Cliente:Cliente 3','[{"added": {}}]',9,1,1);
INSERT INTO django_admin_log VALUES(16,'2020-12-28 22:30:49.642419','1','Tiao','[{"added": {}}]',11,1,1);
INSERT INTO django_admin_log VALUES(17,'2020-12-28 22:31:04.043871','2','Joao Silva','[{"added": {}}]',11,1,1);
INSERT INTO django_admin_log VALUES(18,'2020-12-28 22:31:25.244122','3','Fast Costa','[{"added": {}}]',11,1,1);
INSERT INTO django_admin_log VALUES(19,'2020-12-28 22:31:54.341138','4','RJ Fundações','[{"added": {}}]',11,1,1);
INSERT INTO django_admin_log VALUES(20,'2020-12-28 22:34:11.862584','1','José','[{"added": {}}]',12,1,1);
INSERT INTO django_admin_log VALUES(21,'2020-12-28 22:34:19.114062','1','José','[]',12,1,2);
INSERT INTO django_admin_log VALUES(22,'2020-12-28 22:34:56.234508','2','Jerson','[{"added": {}}]',12,1,1);
INSERT INTO django_admin_log VALUES(23,'2020-12-28 22:35:37.015874','3','Gustavo','[{"added": {}}]',12,1,1);
INSERT INTO django_admin_log VALUES(24,'2020-12-28 22:36:49.915408','1','Terraplanagem - Cliente - cesar','[{"added": {}}]',13,1,1);
INSERT INTO django_admin_log VALUES(25,'2020-12-28 22:38:22.503483','2','Fundação - Cliente - cesar','[{"added": {}}]',13,1,1);
INSERT INTO django_admin_log VALUES(26,'2020-12-28 22:39:23.781247','3','Bota Fora - Cliente - cesar','[{"added": {}}]',13,1,1);
INSERT INTO django_admin_log VALUES(27,'2020-12-28 22:40:17.179327','4','Gabarito da Obra - Cliente - cesar','[{"added": {}}]',13,1,1);
INSERT INTO django_admin_log VALUES(28,'2020-12-28 22:42:59.537436','1','Tiao da SIlva','[{"added": {}}]',10,1,1);
INSERT INTO django_admin_log VALUES(29,'2020-12-28 22:43:14.242973','2','Depósito construcampos','[{"added": {}}]',10,1,1);
INSERT INTO django_admin_log VALUES(30,'2020-12-28 22:43:58.324882','3','Casa Da Construction','[{"added": {}}]',10,1,1);
INSERT INTO django_admin_log VALUES(31,'2020-12-28 22:44:01.378909','3','Casa Da Construction','[]',10,1,2);
INSERT INTO django_admin_log VALUES(32,'2020-12-28 22:44:50.705923','1','Ferragem','[{"added": {}}]',7,1,1);
INSERT INTO django_admin_log VALUES(33,'2020-12-28 22:45:00.166845','2','Madeira','[{"added": {}}]',7,1,1);
INSERT INTO django_admin_log VALUES(34,'2020-12-28 22:45:09.037232','1','Prego com Cabeça 18 X 30 Ferro Polido - Cliente - cesar','[{"added": {}}]',14,1,1);
INSERT INTO django_admin_log VALUES(35,'2020-12-28 22:45:48.986367','2','Pontalete de madeira - Cliente - cesar','[{"added": {}}]',14,1,1);
INSERT INTO django_admin_log VALUES(36,'2020-12-28 22:48:28.507500','1','Prefeitura CJ','[{"added": {}}]',15,1,1);
INSERT INTO django_admin_log VALUES(37,'2020-12-28 22:51:06.336767','2','CONFEA','[{"added": {}}]',15,1,1);
INSERT INTO django_admin_log VALUES(38,'2020-12-28 22:51:34.808746','1','Taxa: Regularização - Cliente - cesar','[{"added": {}}]',16,1,1);
INSERT INTO django_admin_log VALUES(39,'2021-01-24 02:24:29.160999','8','usuario','[{"added": {}}]',4,1,1);
INSERT INTO django_admin_log VALUES(40,'2021-01-24 02:25:08.938816','8','usuario','',4,1,3);
INSERT INTO django_admin_log VALUES(41,'2021-01-24 02:26:10.951983','9','usuario','[{"added": {}}]',4,1,1);
INSERT INTO django_admin_log VALUES(42,'2021-01-24 02:28:19.172674','4','Usuário','[{"added": {}}]',18,1,1);
INSERT INTO django_admin_log VALUES(43,'2021-01-24 02:32:50.621418','11','funcionario','[{"added": {}}]',4,1,1);
INSERT INTO django_admin_log VALUES(44,'2021-01-24 02:34:03.499488','5','Funcionário','[{"added": {}}]',18,1,1);
INSERT INTO django_admin_log VALUES(45,'2021-01-24 11:27:45.887727','13','costa','[{"added": {}}]',4,1,1);
INSERT INTO django_admin_log VALUES(46,'2021-01-24 11:27:50.105186','6','Costa','[{"added": {}}]',18,1,1);
INSERT INTO django_admin_log VALUES(47,'2021-01-24 11:52:13.424097','10','cliente_cesar','',4,1,3);
INSERT INTO django_admin_log VALUES(48,'2021-01-24 11:52:13.741044','12','cliente_sistema','',4,1,3);
INSERT INTO django_admin_log VALUES(49,'2021-01-24 11:52:13.917931','13','costa','',4,1,3);
INSERT INTO django_admin_log VALUES(50,'2021-01-24 11:52:14.249494','11','funcionario','',4,1,3);
INSERT INTO django_admin_log VALUES(51,'2021-01-24 11:52:14.514321','14','guto','',4,1,3);
INSERT INTO django_admin_log VALUES(52,'2021-01-24 11:52:14.647194','4','maria','',4,1,3);
INSERT INTO django_admin_log VALUES(53,'2021-01-24 11:52:14.855808','9','usuario','',4,1,3);
INSERT INTO django_admin_log VALUES(54,'2021-01-24 12:04:24.460422','15','costa','[{"added": {}}]',4,1,1);
INSERT INTO django_admin_log VALUES(55,'2021-01-24 12:04:37.875366','7','Costa','[{"added": {}}]',18,1,1);
INSERT INTO django_admin_log VALUES(56,'2021-01-24 12:19:03.102280','16','costa1','[{"added": {}}]',4,1,1);
INSERT INTO django_admin_log VALUES(57,'2021-01-24 12:19:11.310736','8','Costa','[{"added": {}}]',18,1,1);
INSERT INTO django_admin_log VALUES(58,'2021-01-24 12:26:29.994415','15','costa','',4,1,3);
INSERT INTO django_admin_log VALUES(59,'2021-01-24 12:26:30.337150','16','costa1','',4,1,3);
INSERT INTO django_admin_log VALUES(60,'2021-01-26 01:08:59.378566','17','costa','',4,1,3);
CREATE TABLE IF NOT EXISTS "django_content_type" ("id" integer NOT NULL PRIMARY KEY AUTOINCREMENT, "app_label" varchar(100) NOT NULL, "model" varchar(100) NOT NULL);
INSERT INTO django_content_type VALUES(1,'admin','logentry');
INSERT INTO django_content_type VALUES(2,'auth','permission');
INSERT INTO django_content_type VALUES(3,'auth','group');
INSERT INTO django_content_type VALUES(4,'auth','user');
INSERT INTO django_content_type VALUES(5,'contenttypes','contenttype');
INSERT INTO django_content_type VALUES(6,'sessions','session');
INSERT INTO django_content_type VALUES(7,'confidencechronograms','categoria');
INSERT INTO django_content_type VALUES(8,'confidencechronograms','cliente');
INSERT INTO django_content_type VALUES(9,'confidencechronograms','cronograma');
INSERT INTO django_content_type VALUES(10,'confidencechronograms','deposito');
INSERT INTO django_content_type VALUES(11,'confidencechronograms','empreiteira');
INSERT INTO django_content_type VALUES(12,'confidencechronograms','funcionario_da_obra');
INSERT INTO django_content_type VALUES(13,'confidencechronograms','mao_de_obra');
INSERT INTO django_content_type VALUES(14,'confidencechronograms','material');
INSERT INTO django_content_type VALUES(15,'confidencechronograms','orgao');
INSERT INTO django_content_type VALUES(16,'confidencechronograms','taxa');
INSERT INTO django_content_type VALUES(17,'confidencechronograms','tarefa');
INSERT INTO django_content_type VALUES(18,'confidencechronograms','funcionario');
INSERT INTO django_content_type VALUES(19,'confidencechronograms','comentario');
CREATE TABLE IF NOT EXISTS "auth_permission" ("id" integer NOT NULL PRIMARY KEY AUTOINCREMENT, "content_type_id" integer NOT NULL REFERENCES "django_content_type" ("id") DEFERRABLE INITIALLY DEFERRED, "codename" varchar(100) NOT NULL, "name" varchar(255) NOT NULL);
INSERT INTO auth_permission VALUES(1,1,'add_logentry','Can add log entry');
INSERT INTO auth_permission VALUES(2,1,'change_logentry','Can change log entry');
INSERT INTO auth_permission VALUES(3,1,'delete_logentry','Can delete log entry');
INSERT INTO auth_permission VALUES(4,1,'view_logentry','Can view log entry');
INSERT INTO auth_permission VALUES(5,2,'add_permission','Can add permission');
INSERT INTO auth_permission VALUES(6,2,'change_permission','Can change permission');
INSERT INTO auth_permission VALUES(7,2,'delete_permission','Can delete permission');
INSERT INTO auth_permission VALUES(8,2,'view_permission','Can view permission');
INSERT INTO auth_permission VALUES(9,3,'add_group','Can add group');
INSERT INTO auth_permission VALUES(10,3,'change_group','Can change group');
INSERT INTO auth_permission VALUES(11,3,'delete_group','Can delete group');
INSERT INTO auth_permission VALUES(12,3,'view_group','Can view group');
INSERT INTO auth_permission VALUES(13,4,'add_user','Can add user');
INSERT INTO auth_permission VALUES(14,4,'change_user','Can change user');
INSERT INTO auth_permission VALUES(15,4,'delete_user','Can delete user');
INSERT INTO auth_permission VALUES(16,4,'view_user','Can view user');
INSERT INTO auth_permission VALUES(17,5,'add_contenttype','Can add content type');
INSERT INTO auth_permission VALUES(18,5,'change_contenttype','Can change content type');
INSERT INTO auth_permission VALUES(19,5,'delete_contenttype','Can delete content type');
INSERT INTO auth_permission VALUES(20,5,'view_contenttype','Can view content type');
INSERT INTO auth_permission VALUES(21,6,'add_session','Can add session');
INSERT INTO auth_permission VALUES(22,6,'change_session','Can change session');
INSERT INTO auth_permission VALUES(23,6,'delete_session','Can delete session');
INSERT INTO auth_permission VALUES(24,6,'view_session','Can view session');
INSERT INTO auth_permission VALUES(25,7,'add_categoria','Can add Categoria');
INSERT INTO auth_permission VALUES(26,7,'change_categoria','Can change Categoria');
INSERT INTO auth_permission VALUES(27,7,'delete_categoria','Can delete Categoria');
INSERT INTO auth_permission VALUES(28,7,'view_categoria','Can view Categoria');
INSERT INTO auth_permission VALUES(29,8,'add_cliente','Can add Cliente');
INSERT INTO auth_permission VALUES(30,8,'change_cliente','Can change Cliente');
INSERT INTO auth_permission VALUES(31,8,'delete_cliente','Can delete Cliente');
INSERT INTO auth_permission VALUES(32,8,'view_cliente','Can view Cliente');
INSERT INTO auth_permission VALUES(33,9,'add_cronograma','Can add Cronograma');
INSERT INTO auth_permission VALUES(34,9,'change_cronograma','Can change Cronograma');
INSERT INTO auth_permission VALUES(35,9,'delete_cronograma','Can delete Cronograma');
INSERT INTO auth_permission VALUES(36,9,'view_cronograma','Can view Cronograma');
INSERT INTO auth_permission VALUES(37,10,'add_deposito','Can add Depósito');
INSERT INTO auth_permission VALUES(38,10,'change_deposito','Can change Depósito');
INSERT INTO auth_permission VALUES(39,10,'delete_deposito','Can delete Depósito');
INSERT INTO auth_permission VALUES(40,10,'view_deposito','Can view Depósito');
INSERT INTO auth_permission VALUES(41,11,'add_empreiteira','Can add Empreiteira');
INSERT INTO auth_permission VALUES(42,11,'change_empreiteira','Can change Empreiteira');
INSERT INTO auth_permission VALUES(43,11,'delete_empreiteira','Can delete Empreiteira');
INSERT INTO auth_permission VALUES(44,11,'view_empreiteira','Can view Empreiteira');
INSERT INTO auth_permission VALUES(45,12,'add_funcionario_da_obra','Can add Funcionário da Obra');
INSERT INTO auth_permission VALUES(46,12,'change_funcionario_da_obra','Can change Funcionário da Obra');
INSERT INTO auth_permission VALUES(47,12,'delete_funcionario_da_obra','Can delete Funcionário da Obra');
INSERT INTO auth_permission VALUES(48,12,'view_funcionario_da_obra','Can view Funcionário da Obra');
INSERT INTO auth_permission VALUES(49,13,'add_mao_de_obra','Can add Mão de Obra');
INSERT INTO auth_permission VALUES(50,13,'change_mao_de_obra','Can change Mão de Obra');
INSERT INTO auth_permission VALUES(51,13,'delete_mao_de_obra','Can delete Mão de Obra');
INSERT INTO auth_permission VALUES(52,13,'view_mao_de_obra','Can view Mão de Obra');
INSERT INTO auth_permission VALUES(53,14,'add_material','Can add Material');
INSERT INTO auth_permission VALUES(54,14,'change_material','Can change Material');
INSERT INTO auth_permission VALUES(55,14,'delete_material','Can delete Material');
INSERT INTO auth_permission VALUES(56,14,'view_material','Can view Material');
INSERT INTO auth_permission VALUES(57,15,'add_orgao','Can add Órgão');
INSERT INTO auth_permission VALUES(58,15,'change_orgao','Can change Órgão');
INSERT INTO auth_permission VALUES(59,15,'delete_orgao','Can delete Órgão');
INSERT INTO auth_permission VALUES(60,15,'view_orgao','Can view Órgão');
INSERT INTO auth_permission VALUES(61,16,'add_taxa','Can add Taxa');
INSERT INTO auth_permission VALUES(62,16,'change_taxa','Can change Taxa');
INSERT INTO auth_permission VALUES(63,16,'delete_taxa','Can delete Taxa');
INSERT INTO auth_permission VALUES(64,16,'view_taxa','Can view Taxa');
INSERT INTO auth_permission VALUES(65,17,'add_tarefa','Can add Tarefa');
INSERT INTO auth_permission VALUES(66,17,'change_tarefa','Can change Tarefa');
INSERT INTO auth_permission VALUES(67,17,'delete_tarefa','Can delete Tarefa');
INSERT INTO auth_permission VALUES(68,17,'view_tarefa','Can view Tarefa');
INSERT INTO auth_permission VALUES(69,18,'add_funcionario','Can add Funcionario');
INSERT INTO auth_permission VALUES(70,18,'change_funcionario','Can change Funcionario');
INSERT INTO auth_permission VALUES(71,18,'delete_funcionario','Can delete Funcionario');
INSERT INTO auth_permission VALUES(72,18,'view_funcionario','Can view Funcionario');
INSERT INTO auth_permission VALUES(73,19,'add_comentario','Can add Comentário');
INSERT INTO auth_permission VALUES(74,19,'change_comentario','Can change Comentário');
INSERT INTO auth_permission VALUES(75,19,'delete_comentario','Can delete Comentário');
INSERT INTO auth_permission VALUES(76,19,'view_comentario','Can view Comentário');
CREATE TABLE IF NOT EXISTS "auth_user" ("id" integer NOT NULL PRIMARY KEY AUTOINCREMENT, "password" varchar(128) NOT NULL, "last_login" datetime NULL, "is_superuser" bool NOT NULL, "username" varchar(150) NOT NULL UNIQUE, "first_name" varchar(30) NOT NULL, "email" varchar(254) NOT NULL, "is_staff" bool NOT NULL, "is_active" bool NOT NULL, "date_joined" datetime NOT NULL, "last_name" varchar(150) NOT NULL);
INSERT INTO auth_user VALUES(1,'pbkdf2_sha256$150000$Vhs2O27KdGpp$TNAe0qBjSTw8fA4SIb282U9U5hrZhyQmDsyO/tRwCtY=','2021-01-26 01:08:44.075333',1,'admin','','',1,1,'2020-12-28 22:19:25.976710','');
INSERT INTO auth_user VALUES(2,'pbkdf2_sha256$150000$LTN1nZo3GNcf$8CoiD2AA23IZ/cOvF5WZ1zYIQGM7I3CWYnxNacrAQHA=','2021-01-26 01:13:28.795465',0,'cesar','','',0,1,'2020-12-28 22:21:34.956375','');
INSERT INTO auth_user VALUES(3,'pbkdf2_sha256$150000$CnMI7rMhWqOx$XGLh29peEqLAMn5mcD5BC/KijhKEGHq690lOdU9eRpk=','2021-01-26 01:56:05.072278',0,'augusto','','',0,1,'2020-12-28 22:23:03.266179','');
INSERT INTO auth_user VALUES(5,'pbkdf2_sha256$150000$1YE61Vn6G7fW$+RBEbU22wpuon70xuBKRRJSsWSrPLm+WgNxtKS4Pqt8=','2021-01-19 23:02:34.444199',0,'cliente','','',0,1,'2020-12-28 22:24:48.021162','');
INSERT INTO auth_user VALUES(6,'pbkdf2_sha256$150000$1xWYyxmE68sk$REqFkb9bqc8KdMOD6FUTPRhdUdL6r332v6BuWnhUhlM=','2021-01-19 20:21:57.202534',0,'cliente2','','',0,1,'2020-12-28 22:26:18.724721','');
INSERT INTO auth_user VALUES(7,'pbkdf2_sha256$150000$pYy7F9nmvmcM$DKRmxhM4YcGjkWcgsYzaQflgwx3czZaK7ZyIjvxFWfc=','2021-01-13 17:28:06.911518',0,'cliente3','','',0,1,'2020-12-28 22:27:11.098489','');
INSERT INTO auth_user VALUES(18,'pbkdf2_sha256$150000$r5ZZvTd2I8cL$CnHaS3/QBTAegYwYqjpDiqZmEYSg1UstbkaONNWleiY=','2021-01-26 01:12:00.494950',0,'costa','','',0,1,'2021-01-26 01:10:29.462837','');
INSERT INTO auth_user VALUES(19,'pbkdf2_sha256$150000$h7SyGF7lCHoC$ApfOKcRJAA8HfXp5oVIuGKj2zNW7Yrt40wocSEpXT9w=','2021-01-26 01:53:42.182599',0,'moraes','','',0,1,'2021-01-26 01:14:41.276397','');
CREATE TABLE IF NOT EXISTS "auth_group" ("id" integer NOT NULL PRIMARY KEY AUTOINCREMENT, "name" varchar(150) NOT NULL UNIQUE);
CREATE TABLE IF NOT EXISTS "confidencechronograms_categoria" ("id" integer NOT NULL PRIMARY KEY AUTOINCREMENT, "nome" varchar(200) NOT NULL, "date_added" datetime NOT NULL, "date_update" datetime NOT NULL);
INSERT INTO confidencechronograms_categoria VALUES(1,'Ferragem','2020-12-28 22:44:50.704349','2020-12-28 22:44:50.704387');
INSERT INTO confidencechronograms_categoria VALUES(2,'Madeira','2020-12-28 22:45:00.166158','2020-12-28 22:45:00.166192');
INSERT INTO confidencechronograms_categoria VALUES(3,'Elétricos','2020-12-31 19:19:45.932191','2020-12-31 19:19:45.932224');
INSERT INTO confidencechronograms_categoria VALUES(4,'hidráulicos','2020-12-31 19:20:17.686244','2020-12-31 19:20:17.686277');
INSERT INTO confidencechronograms_categoria VALUES(5,'Cimento','2021-01-04 20:01:11.048211','2021-01-04 20:01:11.048245');
INSERT INTO confidencechronograms_categoria VALUES(6,'Tinta','2021-01-04 20:06:37.206352','2021-01-04 20:06:37.206433');
INSERT INTO confidencechronograms_categoria VALUES(7,'Bloco','2021-01-04 22:40:31.026667','2021-01-04 22:40:31.026705');
INSERT INTO confidencechronograms_categoria VALUES(8,'Telha','2021-01-05 20:57:46.782407','2021-01-05 20:57:46.782458');
INSERT INTO confidencechronograms_categoria VALUES(10,'Manta','2021-01-05 21:04:40.015667','2021-01-05 21:17:43.267617');
INSERT INTO confidencechronograms_categoria VALUES(11,'Acessorios','2021-01-26 01:36:06.517274','2021-01-26 01:36:06.517315');
CREATE TABLE IF NOT EXISTS "confidencechronograms_cliente" ("id" integer NOT NULL PRIMARY KEY AUTOINCREMENT, "nome" varchar(60) NOT NULL, "cpf" varchar(11) NULL, "rg" varchar(9) NULL, "dt_nascimento" datetime NULL, "sexo" varchar(1) NOT NULL, "nacionalidade" varchar(30) NULL, "naturalidade" varchar(30) NULL, "profissao" varchar(100) NULL, "estado_civil" varchar(15) NULL, "rua" varchar(60) NOT NULL, "numero" varchar(10) NOT NULL, "complemento" varchar(30) NULL, "bairro" varchar(30) NULL, "cidade" varchar(30) NULL, "cep" varchar(8) NULL, "uf" varchar(2) NULL, "email" varchar(60) NOT NULL, "fone" varchar(16) NOT NULL, "date_added" datetime NOT NULL, "date_update" datetime NOT NULL, "usuario_id" integer NOT NULL REFERENCES "auth_user" ("id") DEFERRABLE INITIALLY DEFERRED);
INSERT INTO confidencechronograms_cliente VALUES(1,'Cliente - cesar','39272330807',NULL,NULL,'M',NULL,NULL,NULL,NULL,'aaa','123',NULL,NULL,NULL,NULL,NULL,'cesarcosta.augustos@gmail.com','11122','2020-12-28 22:25:00.398617','2020-12-28 22:25:00.398639',5);
INSERT INTO confidencechronograms_cliente VALUES(2,'Cliente 2',NULL,NULL,NULL,'F',NULL,NULL,NULL,NULL,'ss','21',NULL,NULL,NULL,NULL,NULL,'cesarcosta.augustos@gmail.com','112233','2020-12-28 22:26:20.659659','2020-12-28 22:26:20.659687',6);
INSERT INTO confidencechronograms_cliente VALUES(3,'Cliente 3',NULL,NULL,NULL,'M',NULL,NULL,NULL,NULL,'f','23',NULL,NULL,NULL,NULL,NULL,'cesarcosta.augustos@gmail.com','1234','2020-12-28 22:27:13.821170','2020-12-28 22:27:13.821197',7);
INSERT INTO confidencechronograms_cliente VALUES(8,'Moraes','12212121212','21212121',NULL,'',NULL,NULL,NULL,NULL,'Abcd','',NULL,NULL,NULL,'12460000','SP','cesarcosta.augustos@gmail.com','12777777777777','2021-01-26 01:15:53.169327','2021-01-26 01:15:53.169349',19);
CREATE TABLE IF NOT EXISTS "confidencechronograms_deposito" ("id" integer NOT NULL PRIMARY KEY AUTOINCREMENT, "nome" varchar(200) NOT NULL, "cnpj" varchar(18) NULL, "email" varchar(60) NULL, "fone" varchar(16) NOT NULL, "date_added" datetime NOT NULL, "date_update" datetime NOT NULL);
INSERT INTO confidencechronograms_deposito VALUES(1,'Tiao da SIlva',NULL,NULL,'12345','2020-12-28 22:42:59.536555','2020-12-28 22:42:59.536603');
INSERT INTO confidencechronograms_deposito VALUES(2,'Depósito construcampos',NULL,NULL,'123','2020-12-28 22:43:14.242230','2020-12-28 22:43:14.242262');
INSERT INTO confidencechronograms_deposito VALUES(3,'Casa Da Construction',NULL,NULL,'1234','2020-12-28 22:43:58.324156','2020-12-28 22:44:01.377591');
INSERT INTO confidencechronograms_deposito VALUES(4,'Jair da Construção','1212121212','jair@construção.com','1212121','2021-01-26 01:32:24.587147','2021-01-26 01:32:24.587174');
CREATE TABLE IF NOT EXISTS "confidencechronograms_empreiteira" ("id" integer NOT NULL PRIMARY KEY AUTOINCREMENT, "nome" varchar(200) NOT NULL, "cnpj" varchar(18) NULL, "email" varchar(60) NULL, "fone" varchar(16) NOT NULL, "date_added" datetime NOT NULL, "date_update" datetime NOT NULL);
INSERT INTO confidencechronograms_empreiteira VALUES(1,'Tiao',NULL,NULL,'111111','2020-12-28 22:30:49.636951','2021-01-10 18:07:29.225088');
INSERT INTO confidencechronograms_empreiteira VALUES(2,'Joao Silva',NULL,NULL,'222','2020-12-28 22:31:04.037116','2021-01-10 18:07:35.221533');
INSERT INTO confidencechronograms_empreiteira VALUES(3,'Fast Costa',NULL,NULL,'1212','2020-12-28 22:31:25.238318','2021-01-10 18:08:19.178160');
INSERT INTO confidencechronograms_empreiteira VALUES(4,'RJ Fundações',NULL,NULL,'122222','2020-12-28 22:31:54.335357','2021-01-10 18:08:03.255278');
INSERT INTO confidencechronograms_empreiteira VALUES(5,'Engenhando empreita',NULL,NULL,'12345675','2020-12-31 20:11:19.568161','2021-01-10 18:07:56.628529');
INSERT INTO confidencechronograms_empreiteira VALUES(6,'Justino Obras','12121212','justino@obras.com','12122222','2021-01-26 01:24:25.234723','2021-01-26 01:24:25.584145');
CREATE TABLE IF NOT EXISTS "confidencechronograms_empreiteira_cronogramas" ("id" integer NOT NULL PRIMARY KEY AUTOINCREMENT, "empreiteira_id" integer NOT NULL REFERENCES "confidencechronograms_empreiteira" ("id") DEFERRABLE INITIALLY DEFERRED, "cronograma_id" integer NOT NULL REFERENCES "confidencechronograms_cronograma" ("id") DEFERRABLE INITIALLY DEFERRED);
INSERT INTO confidencechronograms_empreiteira_cronogramas VALUES(1,1,1);
INSERT INTO confidencechronograms_empreiteira_cronogramas VALUES(2,1,2);
INSERT INTO confidencechronograms_empreiteira_cronogramas VALUES(3,2,3);
INSERT INTO confidencechronograms_empreiteira_cronogramas VALUES(4,3,1);
INSERT INTO confidencechronograms_empreiteira_cronogramas VALUES(5,4,1);
INSERT INTO confidencechronograms_empreiteira_cronogramas VALUES(6,1,3);
INSERT INTO confidencechronograms_empreiteira_cronogramas VALUES(7,2,1);
INSERT INTO confidencechronograms_empreiteira_cronogramas VALUES(8,2,2);
INSERT INTO confidencechronograms_empreiteira_cronogramas VALUES(9,5,1);
INSERT INTO confidencechronograms_empreiteira_cronogramas VALUES(10,5,2);
INSERT INTO confidencechronograms_empreiteira_cronogramas VALUES(11,5,3);
INSERT INTO confidencechronograms_empreiteira_cronogramas VALUES(12,4,2);
INSERT INTO confidencechronograms_empreiteira_cronogramas VALUES(13,4,3);
INSERT INTO confidencechronograms_empreiteira_cronogramas VALUES(14,3,2);
INSERT INTO confidencechronograms_empreiteira_cronogramas VALUES(15,3,3);
INSERT INTO confidencechronograms_empreiteira_cronogramas VALUES(16,6,7);
CREATE TABLE IF NOT EXISTS "confidencechronograms_funcionario_da_obra" ("id" integer NOT NULL PRIMARY KEY AUTOINCREMENT, "nome" varchar(60) NOT NULL, "cpf" varchar(11) NULL, "rg" varchar(9) NULL, "dt_nascimento" datetime NULL, "sexo" varchar(1) NOT NULL, "nacionalidade" varchar(30) NULL, "naturalidade" varchar(30) NULL, "profissao" varchar(100) NULL, "estado_civil" varchar(15) NULL, "rua" varchar(60) NOT NULL, "numero" varchar(10) NOT NULL, "complemento" varchar(30) NULL, "bairro" varchar(30) NULL, "cidade" varchar(30) NULL, "cep" varchar(8) NULL, "uf" varchar(2) NULL, "email" varchar(60) NOT NULL, "fone" varchar(16) NOT NULL, "date_added" datetime NOT NULL, "date_update" datetime NOT NULL, "empreiteira_id" integer NOT NULL REFERENCES "confidencechronograms_empreiteira" ("id") DEFERRABLE INITIALLY DEFERRED);
INSERT INTO confidencechronograms_funcionario_da_obra VALUES(1,'José',NULL,NULL,NULL,'M',NULL,NULL,NULL,NULL,'x','121',NULL,NULL,NULL,NULL,NULL,'ze@ze.com','121212121','2020-12-28 22:34:11.859730','2020-12-28 22:34:19.112080',1);
INSERT INTO confidencechronograms_funcionario_da_obra VALUES(2,'Jerson',NULL,NULL,NULL,'M',NULL,NULL,NULL,NULL,'f','1',NULL,NULL,NULL,NULL,NULL,'jerson@jerson.com.br','11','2020-12-28 22:34:56.233266','2020-12-28 22:34:56.233325',4);
INSERT INTO confidencechronograms_funcionario_da_obra VALUES(3,'Gustavo',NULL,NULL,NULL,'M',NULL,NULL,NULL,NULL,'3','12124',NULL,NULL,NULL,NULL,NULL,'gustavo@gustavo.com','121','2020-12-28 22:35:37.014820','2020-12-28 22:35:37.014853',1);
INSERT INTO confidencechronograms_funcionario_da_obra VALUES(4,'Cesar A M Costa',NULL,NULL,NULL,'',NULL,NULL,NULL,NULL,'Wsgi dwg','221',NULL,NULL,NULL,NULL,NULL,'gunter@gunter.com.br','12121212121','2020-12-30 14:58:18.037436','2021-01-10 20:06:05.486057',4);
INSERT INTO confidencechronograms_funcionario_da_obra VALUES(5,'Fabrício Engenheiro',NULL,NULL,NULL,'',NULL,NULL,NULL,NULL,'BMW azevedo','88',NULL,NULL,NULL,NULL,NULL,'engenhando@engenhando.com','1211','2020-12-31 20:13:01.719455','2020-12-31 20:13:01.719488',5);
INSERT INTO confidencechronograms_funcionario_da_obra VALUES(6,'Justino','212212','212121',NULL,'',NULL,NULL,NULL,NULL,'Abcd','12',NULL,'Vila B','Campos do Jordão',NULL,NULL,'justino@obras.com','1221212121','2021-01-26 01:27:04.664165','2021-01-26 01:27:04.664190',6);
INSERT INTO confidencechronograms_funcionario_da_obra VALUES(7,'Rodolfo','1221','2121',NULL,'',NULL,NULL,NULL,NULL,'Abcdef','11',NULL,'Vila x','Campos do Jordão',NULL,NULL,'rodolfo@ro.com','1211','2021-01-26 01:28:04.941820','2021-01-26 01:28:04.941843',6);
CREATE TABLE IF NOT EXISTS "confidencechronograms_mao_de_obra" ("id" integer NOT NULL PRIMARY KEY AUTOINCREMENT, "nome" varchar(200) NOT NULL, "unidade" varchar(20) NOT NULL, "valor_unitario" decimal NOT NULL, "quantidade" decimal NOT NULL, "date_added" datetime NOT NULL, "date_update" datetime NOT NULL, "cronograma_id" integer NOT NULL REFERENCES "confidencechronograms_cronograma" ("id") DEFERRABLE INITIALLY DEFERRED, "empreiteira_id" integer NULL REFERENCES "confidencechronograms_empreiteira" ("id") DEFERRABLE INITIALLY DEFERRED);
INSERT INTO confidencechronograms_mao_de_obra VALUES(1,'Terraplanagem','metros quadrados',120,20,'2020-12-28 22:36:49.909108','2021-01-10 20:11:27.719709',1,3);
INSERT INTO confidencechronograms_mao_de_obra VALUES(2,'Fundação','metros quadrados',100.90000000000000568,80,'2020-12-28 22:38:22.497019','2020-12-28 22:38:22.497046',1,NULL);
INSERT INTO confidencechronograms_mao_de_obra VALUES(3,'Bota Fora','metros cúbicos',80,3,'2020-12-28 22:39:23.776584','2020-12-28 22:39:23.776607',1,4);
INSERT INTO confidencechronograms_mao_de_obra VALUES(4,'Gabarito da Obra','metros quadrados',200,80.370000000000004544,'2020-12-28 22:40:17.173374','2021-01-10 20:47:09.887611',1,NULL);
INSERT INTO confidencechronograms_mao_de_obra VALUES(5,'Topografia do terreno','metros quadrados',0.53000000000000002664,80,'2020-12-30 19:51:17.656330','2021-01-10 20:19:46.520262',3,NULL);
INSERT INTO confidencechronograms_mao_de_obra VALUES(6,'Sondagem do terreno','metros quadrados',100,10,'2020-12-30 19:55:10.281034','2021-01-10 20:36:53.985702',3,NULL);
INSERT INTO confidencechronograms_mao_de_obra VALUES(7,'Limpeza do Terreno','metros quadrados',2,80,'2020-12-30 19:56:19.352324','2021-01-10 20:44:03.172534',3,NULL);
INSERT INTO confidencechronograms_mao_de_obra VALUES(8,'Movimento de terra','metros quadrados',69.969999999999998863,30,'2020-12-30 19:57:35.060867','2021-01-10 20:44:45.526483',3,NULL);
INSERT INTO confidencechronograms_mao_de_obra VALUES(9,'Instalações provisórias','metros quadrados',20,20,'2020-12-30 19:59:50.611060','2021-01-10 20:45:21.956109',3,NULL);
INSERT INTO confidencechronograms_mao_de_obra VALUES(10,'Verificação de condições de vizinhança','metros quadrados',30,15,'2020-12-30 20:01:00.891914','2021-01-10 20:21:26.047245',3,NULL);
INSERT INTO confidencechronograms_mao_de_obra VALUES(11,'Projeto de Regularização','metros quadrados',10,100,'2020-12-31 20:13:58.646176','2021-01-10 20:43:33.407560',3,NULL);
INSERT INTO confidencechronograms_mao_de_obra VALUES(12,'Escavação para a fundação','metros cúbicos',76,4,'2021-01-04 19:16:58.742989','2021-01-10 20:43:18.975174',3,NULL);
INSERT INTO confidencechronograms_mao_de_obra VALUES(13,'Armação da fundação','kg',9.4600000000000008526,80,'2021-01-04 19:49:58.731036','2021-01-10 20:42:56.605081',3,NULL);
INSERT INTO confidencechronograms_mao_de_obra VALUES(14,'Nivelamento da fundação','metros quadrados',8,80,'2021-01-04 19:51:21.909641','2021-01-10 20:42:40.572566',3,NULL);
INSERT INTO confidencechronograms_mao_de_obra VALUES(15,'Aplicação do concreto para fundação','metros quadrados',150,80,'2021-01-04 20:02:49.474993','2021-01-10 20:42:19.842486',3,NULL);
INSERT INTO confidencechronograms_mao_de_obra VALUES(16,'Impermeabilização da fundação','metros quadrados',80,60,'2021-01-04 20:07:57.992221','2021-01-10 20:42:04.324951',3,NULL);
INSERT INTO confidencechronograms_mao_de_obra VALUES(17,'Estrutura','metros quadrados',156.80000000000001137,80,'2021-01-04 21:18:48.499123','2021-01-10 20:41:48.862061',3,NULL);
INSERT INTO confidencechronograms_mao_de_obra VALUES(19,'Alvenaria','metros quadrados',36.869999999999997441,488.88999999999998634,'2021-01-04 22:39:51.637712','2021-01-10 20:41:31.103595',3,NULL);
INSERT INTO confidencechronograms_mao_de_obra VALUES(20,'Cobertura','metros quadrados',38.829999999999998294,165.03999999999999204,'2021-01-05 20:54:53.106325','2021-01-10 20:18:47.585575',3,NULL);
INSERT INTO confidencechronograms_mao_de_obra VALUES(21,'Entrada de Dados','horas',80,40,'2021-01-10 16:20:40.250954','2021-01-10 18:21:46.791006',2,NULL);
INSERT INTO confidencechronograms_mao_de_obra VALUES(22,'Processamento de Dados','horas',88.980000000000003977,56.899999999999998578,'2021-01-10 16:21:36.034612','2021-01-10 18:21:35.040338',2,NULL);
INSERT INTO confidencechronograms_mao_de_obra VALUES(23,'Saida de Dados','horas',46,45,'2021-01-10 16:22:09.701523','2021-01-10 18:21:24.314554',2,NULL);
INSERT INTO confidencechronograms_mao_de_obra VALUES(25,'Documentação','horas',300,34,'2021-01-12 22:05:46.086606','2021-01-13 15:47:00.649582',2,NULL);
INSERT INTO confidencechronograms_mao_de_obra VALUES(27,'Treinamento','horas',127.06999999999999317,4.5,'2021-01-13 15:56:47.757285','2021-01-13 16:00:59.597013',2,NULL);
INSERT INTO confidencechronograms_mao_de_obra VALUES(31,'Treinamento Remoto','horas',98,10,'2021-01-13 17:18:19.870404','2021-01-13 17:31:10.196194',2,NULL);
INSERT INTO confidencechronograms_mao_de_obra VALUES(32,'Implantação com sistema antigo','horas',57,23,'2021-01-13 17:55:36.317674','2021-01-18 23:36:50.491798',2,NULL);
INSERT INTO confidencechronograms_mao_de_obra VALUES(38,'Configurações App web','horas',100.98000000000000397,21.5,'2021-01-19 01:24:15.981921','2021-01-19 01:24:16.381634',2,NULL);
INSERT INTO confidencechronograms_mao_de_obra VALUES(39,'Deploy Aplicação','horas',100.87000000000000454,10.33000000000000007,'2021-01-19 01:25:33.735294','2021-01-19 01:25:34.145793',2,NULL);
INSERT INTO confidencechronograms_mao_de_obra VALUES(40,'Manual do usuário','horas',200.74999999999999999,10,'2021-01-19 01:56:00.178159','2021-01-19 01:56:00.450586',2,NULL);
INSERT INTO confidencechronograms_mao_de_obra VALUES(41,'Limpeza Inicial','metros quadrados',40,80,'2021-01-26 01:30:34.257356','2021-01-26 01:30:34.496298',7,NULL);
CREATE TABLE IF NOT EXISTS "confidencechronograms_mao_de_obra_funcionarios_da_obra" ("id" integer NOT NULL PRIMARY KEY AUTOINCREMENT, "mao_de_obra_id" integer NOT NULL REFERENCES "confidencechronograms_mao_de_obra" ("id") DEFERRABLE INITIALLY DEFERRED, "funcionario_da_obra_id" integer NOT NULL REFERENCES "confidencechronograms_funcionario_da_obra" ("id") DEFERRABLE INITIALLY DEFERRED);
INSERT INTO confidencechronograms_mao_de_obra_funcionarios_da_obra VALUES(1,1,3);
INSERT INTO confidencechronograms_mao_de_obra_funcionarios_da_obra VALUES(2,2,1);
INSERT INTO confidencechronograms_mao_de_obra_funcionarios_da_obra VALUES(3,2,3);
INSERT INTO confidencechronograms_mao_de_obra_funcionarios_da_obra VALUES(4,3,2);
INSERT INTO confidencechronograms_mao_de_obra_funcionarios_da_obra VALUES(5,4,3);
INSERT INTO confidencechronograms_mao_de_obra_funcionarios_da_obra VALUES(6,21,4);
INSERT INTO confidencechronograms_mao_de_obra_funcionarios_da_obra VALUES(7,23,4);
INSERT INTO confidencechronograms_mao_de_obra_funcionarios_da_obra VALUES(8,22,4);
INSERT INTO confidencechronograms_mao_de_obra_funcionarios_da_obra VALUES(9,20,1);
INSERT INTO confidencechronograms_mao_de_obra_funcionarios_da_obra VALUES(10,20,2);
INSERT INTO confidencechronograms_mao_de_obra_funcionarios_da_obra VALUES(11,5,2);
INSERT INTO confidencechronograms_mao_de_obra_funcionarios_da_obra VALUES(12,5,3);
INSERT INTO confidencechronograms_mao_de_obra_funcionarios_da_obra VALUES(13,5,4);
INSERT INTO confidencechronograms_mao_de_obra_funcionarios_da_obra VALUES(14,5,5);
INSERT INTO confidencechronograms_mao_de_obra_funcionarios_da_obra VALUES(15,10,5);
INSERT INTO confidencechronograms_mao_de_obra_funcionarios_da_obra VALUES(16,6,2);
INSERT INTO confidencechronograms_mao_de_obra_funcionarios_da_obra VALUES(17,6,5);
INSERT INTO confidencechronograms_mao_de_obra_funcionarios_da_obra VALUES(18,19,4);
INSERT INTO confidencechronograms_mao_de_obra_funcionarios_da_obra VALUES(19,17,1);
INSERT INTO confidencechronograms_mao_de_obra_funcionarios_da_obra VALUES(20,17,2);
INSERT INTO confidencechronograms_mao_de_obra_funcionarios_da_obra VALUES(21,17,3);
INSERT INTO confidencechronograms_mao_de_obra_funcionarios_da_obra VALUES(22,16,1);
INSERT INTO confidencechronograms_mao_de_obra_funcionarios_da_obra VALUES(23,16,2);
INSERT INTO confidencechronograms_mao_de_obra_funcionarios_da_obra VALUES(24,15,2);
INSERT INTO confidencechronograms_mao_de_obra_funcionarios_da_obra VALUES(25,15,3);
INSERT INTO confidencechronograms_mao_de_obra_funcionarios_da_obra VALUES(26,15,5);
INSERT INTO confidencechronograms_mao_de_obra_funcionarios_da_obra VALUES(27,14,2);
INSERT INTO confidencechronograms_mao_de_obra_funcionarios_da_obra VALUES(28,14,3);
INSERT INTO confidencechronograms_mao_de_obra_funcionarios_da_obra VALUES(29,13,2);
INSERT INTO confidencechronograms_mao_de_obra_funcionarios_da_obra VALUES(30,13,3);
INSERT INTO confidencechronograms_mao_de_obra_funcionarios_da_obra VALUES(31,12,2);
INSERT INTO confidencechronograms_mao_de_obra_funcionarios_da_obra VALUES(32,12,3);
INSERT INTO confidencechronograms_mao_de_obra_funcionarios_da_obra VALUES(33,11,5);
INSERT INTO confidencechronograms_mao_de_obra_funcionarios_da_obra VALUES(34,7,1);
INSERT INTO confidencechronograms_mao_de_obra_funcionarios_da_obra VALUES(35,8,2);
INSERT INTO confidencechronograms_mao_de_obra_funcionarios_da_obra VALUES(36,9,1);
INSERT INTO confidencechronograms_mao_de_obra_funcionarios_da_obra VALUES(37,9,2);
INSERT INTO confidencechronograms_mao_de_obra_funcionarios_da_obra VALUES(38,9,3);
INSERT INTO confidencechronograms_mao_de_obra_funcionarios_da_obra VALUES(41,25,3);
INSERT INTO confidencechronograms_mao_de_obra_funcionarios_da_obra VALUES(42,25,4);
INSERT INTO confidencechronograms_mao_de_obra_funcionarios_da_obra VALUES(45,27,3);
INSERT INTO confidencechronograms_mao_de_obra_funcionarios_da_obra VALUES(46,27,4);
INSERT INTO confidencechronograms_mao_de_obra_funcionarios_da_obra VALUES(50,31,1);
INSERT INTO confidencechronograms_mao_de_obra_funcionarios_da_obra VALUES(51,31,4);
INSERT INTO confidencechronograms_mao_de_obra_funcionarios_da_obra VALUES(54,32,4);
INSERT INTO confidencechronograms_mao_de_obra_funcionarios_da_obra VALUES(61,38,2);
INSERT INTO confidencechronograms_mao_de_obra_funcionarios_da_obra VALUES(62,38,4);
INSERT INTO confidencechronograms_mao_de_obra_funcionarios_da_obra VALUES(63,39,2);
INSERT INTO confidencechronograms_mao_de_obra_funcionarios_da_obra VALUES(64,39,4);
INSERT INTO confidencechronograms_mao_de_obra_funcionarios_da_obra VALUES(65,40,2);
INSERT INTO confidencechronograms_mao_de_obra_funcionarios_da_obra VALUES(66,40,3);
INSERT INTO confidencechronograms_mao_de_obra_funcionarios_da_obra VALUES(67,40,4);
INSERT INTO confidencechronograms_mao_de_obra_funcionarios_da_obra VALUES(68,41,7);
CREATE TABLE IF NOT EXISTS "confidencechronograms_orgao" ("id" integer NOT NULL PRIMARY KEY AUTOINCREMENT, "nome" varchar(200) NOT NULL, "cnpj" varchar(18) NULL, "email" varchar(60) NULL, "fone" varchar(16) NOT NULL, "date_added" datetime NOT NULL, "date_update" datetime NOT NULL);
INSERT INTO confidencechronograms_orgao VALUES(1,'Prefeitura CJ','04.252.011/0001-10',NULL,'1234','2020-12-28 22:48:28.506322','2020-12-28 22:48:28.506370');
INSERT INTO confidencechronograms_orgao VALUES(2,'CONFEA',NULL,NULL,'23456','2020-12-28 22:51:06.333414','2020-12-28 22:51:06.333452');
INSERT INTO confidencechronograms_orgao VALUES(3,'CREA SP',NULL,NULL,'+55(11)3095-4891','2020-12-31 19:59:55.443530','2020-12-31 19:59:55.443566');
INSERT INTO confidencechronograms_orgao VALUES(5,'Prefeitura SP','21212','prefeitura_sp@sp.com','1212121','2021-01-26 01:46:30.343335','2021-01-26 01:46:30.343365');
CREATE TABLE IF NOT EXISTS "confidencechronograms_taxa" ("id" integer NOT NULL PRIMARY KEY AUTOINCREMENT, "nome" varchar(60) NOT NULL, "unidade" varchar(20) NOT NULL, "valor_unitario" decimal NOT NULL, "quantidade" decimal NOT NULL, "cronograma_id" integer NOT NULL REFERENCES "confidencechronograms_cronograma" ("id") DEFERRABLE INITIALLY DEFERRED, "orgao_id" integer NOT NULL REFERENCES "confidencechronograms_orgao" ("id") DEFERRABLE INITIALLY DEFERRED);
INSERT INTO confidencechronograms_taxa VALUES(1,'Regularização','metros quadrados',20,80,1,1);
INSERT INTO confidencechronograms_taxa VALUES(2,'ART','unidade',60,1,3,3);
INSERT INTO confidencechronograms_taxa VALUES(3,'Remoção de Terra','metros cúbicos',76.87999999999999545,3,7,5);
CREATE TABLE IF NOT EXISTS "confidencechronograms_tarefa" ("id" integer NOT NULL PRIMARY KEY AUTOINCREMENT, "ident" varchar(4) NOT NULL, "nome" varchar(40) NOT NULL, "descricao" text NOT NULL, "dt_inicial" date NOT NULL, "dt_final" date NOT NULL, "progresso" varchar(3) NOT NULL, "dependencias" varchar(10) NOT NULL, "date_added" datetime NOT NULL, "date_update" datetime NOT NULL, "cronograma_id" integer NOT NULL REFERENCES "confidencechronograms_cronograma" ("id") DEFERRABLE INITIALLY DEFERRED);
INSERT INTO confidencechronograms_tarefa VALUES(1,'1','Regularização de Projetos','Regularização de projetos em prefeitura','2020-12-29','2021-03-01','100','-','2020-12-28 22:55:29.101236','2021-01-12 20:40:24.643058',1);
INSERT INTO confidencechronograms_tarefa VALUES(2,'2','Terraplanagem','Terraplanagem com bota-fora','2021-03-02','2021-03-31','0','1','2020-12-28 22:58:00.851176','2020-12-28 23:00:57.734738',1);
INSERT INTO confidencechronograms_tarefa VALUES(3,'1','Projeto de Regularização',replace(replace('Para que você consiga realizar a regularização do imóvel você vai precisar dos seguintes documentos:\r\n\r\n    Projeto de Regularização;*\r\n    Registro de Responsabilidade Técnica (RRT) do profissional;*\r\n    Matrícula do terreno ou contrato de compra e venda;\r\n    Documentos pessoais;\r\n    Número da Inscrição Cadastral do Terreno (IPTU).\r\n\r\n*Documentos providenciados pelo profissional responsável.','\r',char(13)),'\n',char(10)),'2021-01-01','2021-03-25','0','-','2020-12-31 20:16:23.621719','2020-12-31 20:35:42.600161',3);
INSERT INTO confidencechronograms_tarefa VALUES(4,'2','Serviços Preliminares',replace(replace('Topografia do terreno;\r\nSondagem;\r\nLimpeza do terreno;\r\nMovimento de terra, necessário para a obtenção do nível de  terreno desejado para o edifício;\r\nVerificação da disponibilidade de instalações provisórias;\r\nVerificação das condições de vizinhança;\r\nAs demolições, quando existem construções remanescentes no local em que será construído o edifício;\r\nA retirada de resíduos da demolição.','\r',char(13)),'\n',char(10)),'2021-03-26','2021-05-21','0','1','2020-12-31 20:29:12.060106','2020-12-31 20:33:07.292986',3);
INSERT INTO confidencechronograms_tarefa VALUES(5,'3','Fundação','Fundação completa com impermeabilização.','2021-05-22','2021-07-23','0','2','2021-01-04 20:14:19.189100','2021-01-04 20:14:19.189131',3);
INSERT INTO confidencechronograms_tarefa VALUES(6,'4','Estrutura','Estrutura convencional de pilates e vigas','2021-07-24','2021-10-29','0','3','2021-01-04 21:20:49.526698','2021-01-05 00:02:19.612131',3);
INSERT INTO confidencechronograms_tarefa VALUES(7,'5','Alvenaria de Vedação','Alvenaria de vedação com blocos de concreto','2021-10-30','2022-01-13','0','4','2021-01-04 23:56:03.586943','2021-01-04 23:56:03.586969',3);
INSERT INTO confidencechronograms_tarefa VALUES(8,'6','Cobertura','Cobertura com telha shingle.','2021-10-30','2022-02-01','0','4','2021-01-05 21:40:10.118737','2021-01-10 20:17:02.334384',3);
INSERT INTO confidencechronograms_tarefa VALUES(9,'1','Entrada de Dados','Entrada de Dados','2021-01-11','2021-01-20','84','-','2021-01-10 16:23:24.679003','2021-01-12 21:08:27.146090',2);
INSERT INTO confidencechronograms_tarefa VALUES(10,'2','Processamento de Dados','Processamento de Dados','2021-01-21','2021-02-01','0','1','2021-01-10 16:24:22.440159','2021-01-10 18:22:38.927133',2);
INSERT INTO confidencechronograms_tarefa VALUES(11,'3','Saida de Dados','Saida de Dados','2021-02-02','2021-02-25','0','2','2021-01-10 16:25:09.814380','2021-01-10 18:23:54.585733',2);
INSERT INTO confidencechronograms_tarefa VALUES(12,'4','Documentação','Documentação com diagramas, modelos...','2021-02-26','2021-03-26','2','3','2021-01-13 15:50:31.943587','2021-01-13 16:05:56.435784',2);
INSERT INTO confidencechronograms_tarefa VALUES(14,'5','Treinamento','Treinamento presencial e remoto','2021-03-27','2021-05-08','3','3','2021-01-13 16:58:55.570521','2021-01-13 17:26:25.297286',2);
INSERT INTO confidencechronograms_tarefa VALUES(15,'6','Implantação com sistema antigo','Implantação com sistema antigo','2021-05-09','2021-10-13','0','4','2021-01-13 17:57:56.289701','2021-01-19 01:18:47.158573',2);
INSERT INTO confidencechronograms_tarefa VALUES(19,'7','Deploy Aplicação','Configuração e deploy da app.','2021-10-14','2021-11-23','0','6','2021-01-19 01:27:48.672386','2021-01-19 01:28:04.191115',2);
INSERT INTO confidencechronograms_tarefa VALUES(20,'8','Manual do usuário','Manual do usuário com vídeos.','2021-11-24','2022-02-01','0','7','2021-01-19 01:58:20.215348','2021-01-19 01:58:36.492298',2);
INSERT INTO confidencechronograms_tarefa VALUES(21,'1','Limpeza Inicial','Limpeza inicial com remoção de terra. O valor da taxa foi emitida pelo orgão prefeitura de SP','2021-01-26','2021-02-05','12','-','2021-01-26 01:51:12.071804','2021-01-26 01:57:25.444510',7);
CREATE TABLE IF NOT EXISTS "confidencechronograms_tarefa_maos_de_obra" ("id" integer NOT NULL PRIMARY KEY AUTOINCREMENT, "tarefa_id" integer NOT NULL REFERENCES "confidencechronograms_tarefa" ("id") DEFERRABLE INITIALLY DEFERRED, "mao_de_obra_id" integer NOT NULL REFERENCES "confidencechronograms_mao_de_obra" ("id") DEFERRABLE INITIALLY DEFERRED);
INSERT INTO confidencechronograms_tarefa_maos_de_obra VALUES(1,4,5);
INSERT INTO confidencechronograms_tarefa_maos_de_obra VALUES(2,4,6);
INSERT INTO confidencechronograms_tarefa_maos_de_obra VALUES(3,4,7);
INSERT INTO confidencechronograms_tarefa_maos_de_obra VALUES(4,4,8);
INSERT INTO confidencechronograms_tarefa_maos_de_obra VALUES(5,4,9);
INSERT INTO confidencechronograms_tarefa_maos_de_obra VALUES(6,4,10);
INSERT INTO confidencechronograms_tarefa_maos_de_obra VALUES(7,4,11);
INSERT INTO confidencechronograms_tarefa_maos_de_obra VALUES(8,6,17);
INSERT INTO confidencechronograms_tarefa_maos_de_obra VALUES(9,9,21);
INSERT INTO confidencechronograms_tarefa_maos_de_obra VALUES(10,10,22);
INSERT INTO confidencechronograms_tarefa_maos_de_obra VALUES(11,11,23);
INSERT INTO confidencechronograms_tarefa_maos_de_obra VALUES(12,1,1);
INSERT INTO confidencechronograms_tarefa_maos_de_obra VALUES(13,8,20);
INSERT INTO confidencechronograms_tarefa_maos_de_obra VALUES(15,12,25);
INSERT INTO confidencechronograms_tarefa_maos_de_obra VALUES(17,15,32);
INSERT INTO confidencechronograms_tarefa_maos_de_obra VALUES(20,19,38);
INSERT INTO confidencechronograms_tarefa_maos_de_obra VALUES(21,19,39);
INSERT INTO confidencechronograms_tarefa_maos_de_obra VALUES(22,20,40);
INSERT INTO confidencechronograms_tarefa_maos_de_obra VALUES(23,21,41);
CREATE TABLE IF NOT EXISTS "confidencechronograms_tarefa_materiais" ("id" integer NOT NULL PRIMARY KEY AUTOINCREMENT, "tarefa_id" integer NOT NULL REFERENCES "confidencechronograms_tarefa" ("id") DEFERRABLE INITIALLY DEFERRED, "material_id" integer NOT NULL REFERENCES "confidencechronograms_material" ("id") DEFERRABLE INITIALLY DEFERRED);
INSERT INTO confidencechronograms_tarefa_materiais VALUES(1,4,3);
INSERT INTO confidencechronograms_tarefa_materiais VALUES(2,4,4);
INSERT INTO confidencechronograms_tarefa_materiais VALUES(3,4,5);
INSERT INTO confidencechronograms_tarefa_materiais VALUES(4,4,6);
INSERT INTO confidencechronograms_tarefa_materiais VALUES(5,4,7);
INSERT INTO confidencechronograms_tarefa_materiais VALUES(6,4,10);
INSERT INTO confidencechronograms_tarefa_materiais VALUES(7,4,11);
INSERT INTO confidencechronograms_tarefa_materiais VALUES(8,6,16);
INSERT INTO confidencechronograms_tarefa_materiais VALUES(9,6,15);
INSERT INTO confidencechronograms_tarefa_materiais VALUES(10,8,18);
INSERT INTO confidencechronograms_tarefa_materiais VALUES(11,8,19);
INSERT INTO confidencechronograms_tarefa_materiais VALUES(12,8,20);
INSERT INTO confidencechronograms_tarefa_materiais VALUES(13,8,21);
INSERT INTO confidencechronograms_tarefa_materiais VALUES(14,8,22);
INSERT INTO confidencechronograms_tarefa_materiais VALUES(15,8,23);
INSERT INTO confidencechronograms_tarefa_materiais VALUES(16,8,24);
INSERT INTO confidencechronograms_tarefa_materiais VALUES(17,21,25);
CREATE TABLE IF NOT EXISTS "confidencechronograms_tarefa_taxas" ("id" integer NOT NULL PRIMARY KEY AUTOINCREMENT, "tarefa_id" integer NOT NULL REFERENCES "confidencechronograms_tarefa" ("id") DEFERRABLE INITIALLY DEFERRED, "taxa_id" integer NOT NULL REFERENCES "confidencechronograms_taxa" ("id") DEFERRABLE INITIALLY DEFERRED);
INSERT INTO confidencechronograms_tarefa_taxas VALUES(1,3,2);
INSERT INTO confidencechronograms_tarefa_taxas VALUES(2,1,1);
INSERT INTO confidencechronograms_tarefa_taxas VALUES(3,21,3);
CREATE TABLE IF NOT EXISTS "confidencechronograms_funcionario" ("id" integer NOT NULL PRIMARY KEY AUTOINCREMENT, "nome" varchar(60) NOT NULL, "cpf" varchar(11) NULL, "rg" varchar(9) NULL, "dt_nascimento" datetime NULL, "sexo" varchar(1) NOT NULL, "nacionalidade" varchar(30) NULL, "naturalidade" varchar(30) NULL, "profissao" varchar(100) NULL, "estado_civil" varchar(15) NULL, "rua" varchar(60) NOT NULL, "numero" varchar(10) NOT NULL, "complemento" varchar(30) NULL, "bairro" varchar(30) NULL, "cidade" varchar(30) NULL, "cep" varchar(8) NULL, "uf" varchar(2) NULL, "email" varchar(60) NOT NULL, "fone" varchar(16) NOT NULL, "dt_admissao" datetime NULL, "cargo" varchar(20) NULL, "salario" real NULL, "date_added" datetime NOT NULL, "date_update" datetime NOT NULL, "usuario_id" integer NOT NULL REFERENCES "auth_user" ("id") DEFERRABLE INITIALLY DEFERRED);
INSERT INTO confidencechronograms_funcionario VALUES(1,'Cesar','39272330807',NULL,NULL,'M',NULL,NULL,NULL,NULL,'Ana Maria da costa','1',NULL,NULL,NULL,NULL,NULL,'cesarcosta.augustos@gmail.com','129997776655432',NULL,NULL,NULL,'2020-12-28 22:21:49.834890','2020-12-28 22:21:49.834927',2);
INSERT INTO confidencechronograms_funcionario VALUES(2,'Augusto',NULL,NULL,NULL,'M',NULL,NULL,NULL,NULL,'bbbb','22',NULL,NULL,'Campos do Jordão','12460-000','SP','cesarcosta.augustos@gmail.com','11111111111',NULL,NULL,NULL,'2020-12-28 22:23:06.246441','2021-01-24 12:29:04.261310',3);
CREATE TABLE IF NOT EXISTS "confidencechronograms_cronograma" ("id" integer NOT NULL PRIMARY KEY AUTOINCREMENT, "estrutura" varchar(200) NOT NULL, "proprietario" varchar(80) NOT NULL, "endereco" varchar(200) NOT NULL, "tempo_total" varchar(30) NOT NULL, "valor_total" decimal NOT NULL, "date_added" datetime NOT NULL, "date_update" datetime NOT NULL, "cliente_id" integer NOT NULL REFERENCES "confidencechronograms_cliente" ("id") DEFERRABLE INITIALLY DEFERRED, "funcionario_id" integer NULL REFERENCES "confidencechronograms_funcionario" ("id") DEFERRABLE INITIALLY DEFERRED);
INSERT INTO confidencechronograms_cronograma VALUES(1,'Concreto Armado','Cesar','rua a','2 anos',100000,'2020-12-28 22:28:17.738009','2021-01-13 16:53:32.923049',1,NULL);
INSERT INTO confidencechronograms_cronograma VALUES(2,'Programa','Cliente 2','Rua xxx','3 anos',120000,'2020-12-28 22:28:56.799446','2021-01-19 20:04:25.904310',2,1);
INSERT INTO confidencechronograms_cronograma VALUES(3,'Concreto Armado','Cliente 3','Rua bbb, 2, Campos','3 anos',110000,'2020-12-28 22:29:28.991362','2021-01-10 18:24:44.709772',3,NULL);
INSERT INTO confidencechronograms_cronograma VALUES(7,'Concreto Armado','Moraes','Rua jair, 11, Bairro Capiva. Campos do Jordão','3 anos',100000,'2021-01-26 01:19:02.508624','2021-01-26 01:19:15.941917',8,2);
CREATE TABLE IF NOT EXISTS "confidencechronograms_comentario" ("id" integer NOT NULL PRIMARY KEY AUTOINCREMENT, "nome_cliente" varchar(60) NOT NULL, "assunto" varchar(60) NOT NULL, "descricao" text NOT NULL, "arquivo" varchar(100) NULL, "date_added" datetime NOT NULL, "date_update" datetime NOT NULL, "cliente_id" integer NOT NULL REFERENCES "confidencechronograms_cliente" ("id") DEFERRABLE INITIALLY DEFERRED, "funcionario_id" integer NOT NULL REFERENCES "confidencechronograms_funcionario" ("id") DEFERRABLE INITIALLY DEFERRED);
INSERT INTO confidencechronograms_comentario VALUES(1,'Cliente Cesar','Inicio da Construção','A regularização inclui quais valores? Favor responder na descrição da tarefa.','','2020-12-28 23:06:43.184040','2020-12-28 23:06:43.184065',1,1);
INSERT INTO confidencechronograms_comentario VALUES(2,'Moraes','Limpeza Inicial','Desejo mais especificações sobre a limpeza e a taxa. Favor escrever na descrição.','','2021-01-26 01:55:26.015422','2021-01-26 01:55:26.015467',8,2);
CREATE TABLE IF NOT EXISTS "django_session" ("session_key" varchar(40) NOT NULL PRIMARY KEY, "session_data" text NOT NULL, "expire_date" datetime NOT NULL);
INSERT INTO django_session VALUES('brgniirxwl7bzzjqgx63icxno0liu4aq','OTZhYzc1MmM2MTIxM2Y1NDkzYzY1NDk2NjUyODI5MWI4ODRlYTk4ZTp7Il9hdXRoX3VzZXJfaWQiOiIyIiwiX2F1dGhfdXNlcl9iYWNrZW5kIjoiZGphbmdvLmNvbnRyaWIuYXV0aC5iYWNrZW5kcy5Nb2RlbEJhY2tlbmQiLCJfYXV0aF91c2VyX2hhc2giOiJkZTY3ODMzM2I5OTNhMzM3NzBlM2FjYmQyMjI3NDA4OTI1M2M2ZWY5In0=','2021-02-01 21:48:10.523286');
INSERT INTO django_session VALUES('ftuypvwg9ncvgt9vqus3c0rd7atts7fl','YzM0NWFkMjFmYzVhNTRjODk2NjBjZTFlNWFlYjBmMjgwMmVkMDA5Njp7Il9hdXRoX3VzZXJfaWQiOiIzIiwiX2F1dGhfdXNlcl9iYWNrZW5kIjoiZGphbmdvLmNvbnRyaWIuYXV0aC5iYWNrZW5kcy5Nb2RlbEJhY2tlbmQiLCJfYXV0aF91c2VyX2hhc2giOiJmZDc0N2YxNzhmYjg0MWQwMDA2MzE3NmQ2Mzc0Y2UwZGM0ZTI3Yzk0In0=','2021-02-09 01:56:05.180521');
CREATE TABLE IF NOT EXISTS "confidencechronograms_material" ("id" integer NOT NULL PRIMARY KEY AUTOINCREMENT, "nome" varchar(200) NOT NULL, "unidade" varchar(20) NOT NULL, "valor_unitario" decimal NOT NULL, "quantidade" decimal NOT NULL, "categoria_id" integer NOT NULL REFERENCES "confidencechronograms_categoria" ("id") DEFERRABLE INITIALLY DEFERRED, "cronograma_id" integer NOT NULL REFERENCES "confidencechronograms_cronograma" ("id") DEFERRABLE INITIALLY DEFERRED, "deposito_id" integer NOT NULL REFERENCES "confidencechronograms_deposito" ("id") DEFERRABLE INITIALLY DEFERRED, "date_added" datetime NOT NULL, "date_update" datetime NOT NULL);
INSERT INTO confidencechronograms_material VALUES(1,'Prego com Cabeça 18 X 30 Ferro Polido','kg',20,10,1,3,1,'2020-12-31 19:47:42.417357','2020-12-31 19:52:13.786903');
INSERT INTO confidencechronograms_material VALUES(2,'Pontalete de madeira','metros lineares',22,10,2,1,2,'2020-12-31 19:47:42.417357','2020-12-31 19:47:42.523284');
INSERT INTO confidencechronograms_material VALUES(3,'Painel Elétrico Quadro','unidade',99.569999999999993182,1,4,3,3,'2020-12-31 19:47:42.417357','2020-12-31 19:47:42.523284');
INSERT INTO confidencechronograms_material VALUES(4,'Kit Disjuntor Din','unidade',97,1,3,3,3,'2020-12-31 19:47:42.417357','2020-12-31 19:47:42.523284');
INSERT INTO confidencechronograms_material VALUES(5,'Eletroduto Flexível Corrugado 25mm Rolo 50mts Tigre','unidade',72.739999999999994883,1,3,3,3,'2020-12-31 19:47:42.417357','2020-12-31 19:47:42.523284');
INSERT INTO confidencechronograms_material VALUES(6,'100 Metros Rolo De Cabo Flexível 1,5mm','rolo',123.78000000000000113,1,3,3,3,'2020-12-31 19:47:42.417357','2020-12-31 19:47:42.523284');
INSERT INTO confidencechronograms_material VALUES(7,'Caixa De Água 500L Polietileno Tampa Encaixe Azul','unidade',124.98999999999999488,1,4,3,3,'2020-12-31 19:47:42.417357','2020-12-31 19:47:42.523284');
INSERT INTO confidencechronograms_material VALUES(10,'Tanque Plástico Com Válvula 15 Litros Branco - Metasul','unidade',39.259999999999998011,1,4,3,3,'2020-12-31 19:53:59.595474','2020-12-31 19:53:59.595513');
INSERT INTO confidencechronograms_material VALUES(11,'Torneira Tanque Longa Com Bico Para Mangueira 18cm','unidade',29,1,4,3,3,'2020-12-31 19:55:33.976321','2020-12-31 19:55:33.976355');
INSERT INTO confidencechronograms_material VALUES(12,'Vergalhão CA 50 12.5mm (1/2) 12m','unidade',105.49999999999999999,8,1,3,3,'2021-01-04 19:47:18.023075','2021-01-04 19:49:06.945115');
INSERT INTO confidencechronograms_material VALUES(13,'Cimento CP II F 32 Todas as Obras 50kg Votoran','saco 50 kg',29.879999999999999004,50,5,3,3,'2021-01-04 20:01:42.945115','2021-01-04 20:01:42.945149');
INSERT INTO confidencechronograms_material VALUES(14,'Suviflex Impermeabilizante Parede 3,6l Suvinil','Galão 3,6 L',92.870000000000004544,4,6,3,3,'2021-01-04 20:06:49.899112','2021-01-04 20:06:49.899138');
INSERT INTO confidencechronograms_material VALUES(15,'Tabua Bruta Pinus 2x20x300cm','unidade',19.899999999999998578,30,2,3,3,'2021-01-04 23:07:46.271652','2021-01-04 23:07:46.271683');
INSERT INTO confidencechronograms_material VALUES(16,'Tabua Bruta Pinus 2x30x300cm','unidade',24.899999999999998579,35,2,3,3,'2021-01-04 23:08:47.810871','2021-01-04 23:08:47.810898');
INSERT INTO confidencechronograms_material VALUES(17,'Bloco de cimento 09x19x39cm vedação com fundo Ramos','unidade',2.8700000000000001065,800,7,3,3,'2021-01-04 23:52:27.609698','2021-01-04 23:52:27.609766');
INSERT INTO confidencechronograms_material VALUES(18,'Telha Shingle Supreme Ar Cinza Aspen','metros quadrados',5.8899999999999996802,250,8,3,2,'2021-01-05 21:00:04.800947','2021-01-05 21:18:33.550085');
INSERT INTO confidencechronograms_material VALUES(19,'Manta de Subcobertura Dupla Face para Telhado unidade com 50m²','unidade',345,4,10,3,3,'2021-01-05 21:18:12.092213','2021-01-05 21:18:12.092282');
INSERT INTO confidencechronograms_material VALUES(20,'Prego com Cabeça 18 X 36 Ferro Polido','kg',21.870000000000000995,12,1,3,2,'2021-01-05 21:22:11.798911','2021-01-05 21:23:10.928166');
INSERT INTO confidencechronograms_material VALUES(21,'Prego com Cabeça 17 X 27 Ferro Polido','kg',19,12,1,3,3,'2021-01-05 21:23:39.468790','2021-01-05 21:23:39.468832');
INSERT INTO confidencechronograms_material VALUES(22,'Viga Bruta Eucalipto 5x11x300cm','unidade',26.5,10,2,3,1,'2021-01-05 21:28:08.623556','2021-01-05 21:28:08.623593');
INSERT INTO confidencechronograms_material VALUES(23,'60 Ripas De Madeira Pinus 2x1 Cm C/ 100 Cm Comprimento','fardo',169,2,2,3,1,'2021-01-05 21:30:07.350510','2021-01-05 21:30:07.350628');
INSERT INTO confidencechronograms_material VALUES(24,'Caibro Aparelhada Pinus Seca Estufa 4,5x4,5x250cm','unidade',10.75,20,2,3,1,'2021-01-05 21:31:28.607556','2021-01-05 21:31:28.607608');
INSERT INTO confidencechronograms_material VALUES(25,'Vassoura','unidade',30,1,11,7,4,'2021-01-26 01:39:07.296612','2021-01-26 01:39:07.296667');
DELETE FROM sqlite_sequence;
INSERT INTO sqlite_sequence VALUES('django_migrations',19);
INSERT INTO sqlite_sequence VALUES('django_admin_log',60);
INSERT INTO sqlite_sequence VALUES('django_content_type',19);
INSERT INTO sqlite_sequence VALUES('auth_permission',76);
INSERT INTO sqlite_sequence VALUES('auth_user',19);
INSERT INTO sqlite_sequence VALUES('auth_group',0);
INSERT INTO sqlite_sequence VALUES('confidencechronograms_cronograma',7);
INSERT INTO sqlite_sequence VALUES('confidencechronograms_funcionario',8);
INSERT INTO sqlite_sequence VALUES('confidencechronograms_cliente',8);
INSERT INTO sqlite_sequence VALUES('confidencechronograms_empreiteira',6);
INSERT INTO sqlite_sequence VALUES('confidencechronograms_empreiteira_cronogramas',16);
INSERT INTO sqlite_sequence VALUES('confidencechronograms_funcionario_da_obra',7);
INSERT INTO sqlite_sequence VALUES('confidencechronograms_mao_de_obra',41);
INSERT INTO sqlite_sequence VALUES('confidencechronograms_mao_de_obra_funcionarios_da_obra',68);
INSERT INTO sqlite_sequence VALUES('confidencechronograms_deposito',4);
INSERT INTO sqlite_sequence VALUES('confidencechronograms_categoria',11);
INSERT INTO sqlite_sequence VALUES('confidencechronograms_orgao',5);
INSERT INTO sqlite_sequence VALUES('confidencechronograms_taxa',3);
INSERT INTO sqlite_sequence VALUES('confidencechronograms_tarefa',21);
INSERT INTO sqlite_sequence VALUES('confidencechronograms_comentario',2);
INSERT INTO sqlite_sequence VALUES('confidencechronograms_material',25);
INSERT INTO sqlite_sequence VALUES('confidencechronograms_tarefa_maos_de_obra',23);
INSERT INTO sqlite_sequence VALUES('confidencechronograms_tarefa_materiais',17);
INSERT INTO sqlite_sequence VALUES('confidencechronograms_tarefa_taxas',3);
CREATE UNIQUE INDEX "auth_group_permissions_group_id_permission_id_0cd325b0_uniq" ON "auth_group_permissions" ("group_id", "permission_id");
CREATE INDEX "auth_group_permissions_group_id_b120cbf9" ON "auth_group_permissions" ("group_id");
CREATE INDEX "auth_group_permissions_permission_id_84c5c92e" ON "auth_group_permissions" ("permission_id");
CREATE UNIQUE INDEX "auth_user_groups_user_id_group_id_94350c0c_uniq" ON "auth_user_groups" ("user_id", "group_id");
CREATE INDEX "auth_user_groups_user_id_6a12ed8b" ON "auth_user_groups" ("user_id");
CREATE INDEX "auth_user_groups_group_id_97559544" ON "auth_user_groups" ("group_id");
CREATE UNIQUE INDEX "auth_user_user_permissions_user_id_permission_id_14a6b632_uniq" ON "auth_user_user_permissions" ("user_id", "permission_id");
CREATE INDEX "auth_user_user_permissions_user_id_a95ead1b" ON "auth_user_user_permissions" ("user_id");
CREATE INDEX "auth_user_user_permissions_permission_id_1fbb5f2c" ON "auth_user_user_permissions" ("permission_id");
CREATE INDEX "django_admin_log_content_type_id_c4bce8eb" ON "django_admin_log" ("content_type_id");
CREATE INDEX "django_admin_log_user_id_c564eba6" ON "django_admin_log" ("user_id");
CREATE UNIQUE INDEX "django_content_type_app_label_model_76bd3d3b_uniq" ON "django_content_type" ("app_label", "model");
CREATE UNIQUE INDEX "auth_permission_content_type_id_codename_01ab375a_uniq" ON "auth_permission" ("content_type_id", "codename");
CREATE INDEX "auth_permission_content_type_id_2f476e4b" ON "auth_permission" ("content_type_id");
CREATE INDEX "confidencechronograms_cliente_usuario_id_d57bcf61" ON "confidencechronograms_cliente" ("usuario_id");
CREATE UNIQUE INDEX "confidencechronograms_empreiteira_cronogramas_empreiteira_id_cronograma_id_666ae7e5_uniq" ON "confidencechronograms_empreiteira_cronogramas" ("empreiteira_id", "cronograma_id");
CREATE INDEX "confidencechronograms_empreiteira_cronogramas_empreiteira_id_8ac8dea6" ON "confidencechronograms_empreiteira_cronogramas" ("empreiteira_id");
CREATE INDEX "confidencechronograms_empreiteira_cronogramas_cronograma_id_7a12878a" ON "confidencechronograms_empreiteira_cronogramas" ("cronograma_id");
CREATE INDEX "confidencechronograms_funcionario_da_obra_empreiteira_id_12716103" ON "confidencechronograms_funcionario_da_obra" ("empreiteira_id");
CREATE INDEX "confidencechronograms_mao_de_obra_cronograma_id_0f550241" ON "confidencechronograms_mao_de_obra" ("cronograma_id");
CREATE INDEX "confidencechronograms_mao_de_obra_empreiteira_id_28ce9091" ON "confidencechronograms_mao_de_obra" ("empreiteira_id");
CREATE UNIQUE INDEX "confidencechronograms_mao_de_obra_funcionarios_da_obra_mao_de_obra_id_funcionario_da_obra_id_cdeaec1c_uniq" ON "confidencechronograms_mao_de_obra_funcionarios_da_obra" ("mao_de_obra_id", "funcionario_da_obra_id");
CREATE INDEX "confidencechronograms_mao_de_obra_funcionarios_da_obra_mao_de_obra_id_fc0b3ee8" ON "confidencechronograms_mao_de_obra_funcionarios_da_obra" ("mao_de_obra_id");
CREATE INDEX "confidencechronograms_mao_de_obra_funcionarios_da_obra_funcionario_da_obra_id_a965bfc2" ON "confidencechronograms_mao_de_obra_funcionarios_da_obra" ("funcionario_da_obra_id");
CREATE INDEX "confidencechronograms_taxa_cronograma_id_49cc9c83" ON "confidencechronograms_taxa" ("cronograma_id");
CREATE INDEX "confidencechronograms_taxa_orgao_id_cac8021e" ON "confidencechronograms_taxa" ("orgao_id");
CREATE INDEX "confidencechronograms_tarefa_cronograma_id_4ac395e8" ON "confidencechronograms_tarefa" ("cronograma_id");
CREATE UNIQUE INDEX "confidencechronograms_tarefa_maos_de_obra_tarefa_id_mao_de_obra_id_f8748bff_uniq" ON "confidencechronograms_tarefa_maos_de_obra" ("tarefa_id", "mao_de_obra_id");
CREATE INDEX "confidencechronograms_tarefa_maos_de_obra_tarefa_id_2957ea2e" ON "confidencechronograms_tarefa_maos_de_obra" ("tarefa_id");
CREATE INDEX "confidencechronograms_tarefa_maos_de_obra_mao_de_obra_id_92c39a22" ON "confidencechronograms_tarefa_maos_de_obra" ("mao_de_obra_id");
CREATE UNIQUE INDEX "confidencechronograms_tarefa_materiais_tarefa_id_material_id_cda4df46_uniq" ON "confidencechronograms_tarefa_materiais" ("tarefa_id", "material_id");
CREATE INDEX "confidencechronograms_tarefa_materiais_tarefa_id_3bdff7b9" ON "confidencechronograms_tarefa_materiais" ("tarefa_id");
CREATE INDEX "confidencechronograms_tarefa_materiais_material_id_79972661" ON "confidencechronograms_tarefa_materiais" ("material_id");
CREATE UNIQUE INDEX "confidencechronograms_tarefa_taxas_tarefa_id_taxa_id_f518b7dc_uniq" ON "confidencechronograms_tarefa_taxas" ("tarefa_id", "taxa_id");
CREATE INDEX "confidencechronograms_tarefa_taxas_tarefa_id_ce4e3963" ON "confidencechronograms_tarefa_taxas" ("tarefa_id");
CREATE INDEX "confidencechronograms_tarefa_taxas_taxa_id_b8be58a9" ON "confidencechronograms_tarefa_taxas" ("taxa_id");
CREATE INDEX "confidencechronograms_funcionario_usuario_id_9424584d" ON "confidencechronograms_funcionario" ("usuario_id");
CREATE INDEX "confidencechronograms_cronograma_cliente_id_eb22e223" ON "confidencechronograms_cronograma" ("cliente_id");
CREATE INDEX "confidencechronograms_cronograma_funcionario_id_8976b827" ON "confidencechronograms_cronograma" ("funcionario_id");
CREATE INDEX "confidencechronograms_comentario_cliente_id_5908e3b9" ON "confidencechronograms_comentario" ("cliente_id");
CREATE INDEX "confidencechronograms_comentario_funcionario_id_53909ed3" ON "confidencechronograms_comentario" ("funcionario_id");
CREATE INDEX "django_session_expire_date_a5c62663" ON "django_session" ("expire_date");
CREATE INDEX "confidencechronograms_material_categoria_id_34c1c46e" ON "confidencechronograms_material" ("categoria_id");
CREATE INDEX "confidencechronograms_material_cronograma_id_6820879a" ON "confidencechronograms_material" ("cronograma_id");
CREATE INDEX "confidencechronograms_material_deposito_id_79aa36a8" ON "confidencechronograms_material" ("deposito_id");
COMMIT;
